,MQNs R^2,MQNs MSE,ECFP R^2,ECFP MSE
Random forest,0.707070312,0.373680539,0.560874855,0.560142075
Multiple linar regression,0.216625825,0.999255702,0.732000895,0.341852798
Support vector regression,0.641870889,0.359367531,,
